{
  "auroc_all": 0.671604938271605,
  "auroc_heldout": 0.6767040149393091,
  "per_motif": {
    "CAG": {
      "10": 0.5613709688186646,
      "11": 0.5691263675689697,
      "12": 0.5767960548400879,
      "13": 0.576059103012085,
      "14": 0.5889124274253845,
      "15": 0.5956947207450867,
      "16": 0.5884113311767578,
      "17": 0.6014329195022583,
      "18": 0.5927009582519531,
      "19": 0.5914279222488403,
      "20": 0.5987684726715088,
      "21": 0.5945419073104858,
      "22": 0.6024294495582581,
      "23": 0.600954532623291,
      "24": 0.608907163143158,
      "25": 0.608235776424408,
      "26": 0.6189100742340088,
      "27": 0.6212140917778015,
      "28": 0.625980019569397,
      "29": 0.6275560259819031,
      "30": 0.6319859623908997,
      "31": 0.6394093632698059,
      "32": 0.6456919312477112,
      "33": 0.6523227095603943,
      "34": 0.6532604098320007,
      "35": 0.6551015377044678,
      "36": 0.6583407521247864,
      "37": 0.6621015667915344,
      "38": 0.6597363352775574,
      "39": 0.660611629486084,
      "40": 0.6660559177398682,
      "41": 0.6681578755378723,
      "42": 0.6738920211791992,
      "43": 0.6709219217300415,
      "44": 0.6732270121574402,
      "45": 0.6765790581703186,
      "46": 0.676962673664093,
      "47": 0.680474042892456,
      "48": 0.6823729872703552,
      "49": 0.6818529963493347,
      "50": 0.6861995458602905,
      "51": 0.6898149251937866,
      "52": 0.6879580020904541,
      "53": 0.6869425177574158,
      "54": 0.6910045742988586,
      "55": 0.694709062576294,
      "56": 0.69715815782547,
      "57": 0.6989625096321106,
      "58": 0.7012235522270203,
      "59": 0.7037317752838135,
      "60": 0.7057205438613892
    },
    "CUG": {
      "10": 0.7759597897529602,
      "11": 0.7852421402931213,
      "12": 0.7884550094604492,
      "13": 0.7896921038627625,
      "14": 0.7965381741523743,
      "15": 0.7990764379501343,
      "16": 0.7928640842437744,
      "17": 0.7918718457221985,
      "18": 0.7969779372215271,
      "19": 0.7925727367401123,
      "20": 0.7889358997344971,
      "21": 0.7865150570869446,
      "22": 0.7946410775184631,
      "23": 0.7942907810211182,
      "24": 0.7978128790855408,
      "25": 0.7917569875717163,
      "26": 0.7997517585754395,
      "27": 0.8038328289985657,
      "28": 0.8178325891494751,
      "29": 0.8155685067176819,
      "30": 0.8173825144767761,
      "31": 0.8169046640396118,
      "32": 0.8197044730186462,
      "33": 0.8198135495185852,
      "34": 0.8223112225532532,
      "35": 0.8193169236183167,
      "36": 0.8231741189956665,
      "37": 0.8266904950141907,
      "38": 0.816221296787262,
      "39": 0.8202831149101257,
      "40": 0.8227004408836365,
      "41": 0.8245484232902527,
      "42": 0.8268829584121704,
      "43": 0.8290894031524658,
      "44": 0.832755446434021,
      "45": 0.8344417810440063,
      "46": 0.8408029675483704,
      "47": 0.8385940194129944,
      "48": 0.8372971415519714,
      "49": 0.8381763696670532,
      "50": 0.84297114610672,
      "51": 0.8464163541793823,
      "52": 0.8462162613868713,
      "53": 0.8499186635017395,
      "54": 0.8494110107421875,
      "55": 0.8575095534324646,
      "56": 0.8665124177932739,
      "57": 0.8577510714530945,
      "58": 0.8548316359519958,
      "59": 0.8628013730049133,
      "60": 0.8593424558639526
    },
    "CGG": {
      "10": 0.5062200427055359,
      "11": 0.5252094864845276,
      "12": 0.5381277799606323,
      "13": 0.5344712138175964,
      "14": 0.5506141185760498,
      "15": 0.542739748954773,
      "16": 0.5455763936042786,
      "17": 0.5482844710350037,
      "18": 0.5556579232215881,
      "19": 0.5520123243331909,
      "20": 0.539559543132782,
      "21": 0.5319843888282776,
      "22": 0.5102108716964722,
      "23": 0.5055927634239197,
      "24": 0.5044219493865967,
      "25": 0.4991462528705597,
      "26": 0.5051509737968445,
      "27": 0.5061179995536804,
      "28": 0.5253264307975769,
      "29": 0.5301715135574341,
      "30": 0.5345803499221802,
      "31": 0.5438099503517151,
      "32": 0.5482580661773682,
      "33": 0.5502939224243164,
      "34": 0.5535615682601929,
      "35": 0.55418860912323,
      "36": 0.5545057654380798,
      "37": 0.5497955083847046,
      "38": 0.5527549982070923,
      "39": 0.5506256818771362,
      "40": 0.5532695651054382,
      "41": 0.5540317893028259,
      "42": 0.5603461265563965,
      "43": 0.5638037919998169,
      "44": 0.5635899305343628,
      "45": 0.5671529769897461,
      "46": 0.5706701874732971,
      "47": 0.5691359639167786,
      "48": 0.5723117589950562,
      "49": 0.5746235847473145,
      "50": 0.5723233222961426,
      "51": 0.5821948647499084,
      "52": 0.5822229981422424,
      "53": 0.583470344543457,
      "54": 0.5827749967575073,
      "55": 0.5842083692550659,
      "56": 0.585381269454956,
      "57": 0.5857958197593689,
      "58": 0.5890242457389832,
      "59": 0.5847886204719543,
      "60": 0.5844842791557312
    }
  }
}