{
  "n_test": 300,
  "n_long": 193,
  "full_v6_trunc": 0.8265943537843203,
  "full_v7_mil": 0.8523073943150452,
  "long_v6_trunc": 0.8807965084560829,
  "long_v7_mil": 0.877114020731042,
  "long_delta": -0.0036824877250408727
}