{
  "by_group": {
    "KL_pos (real LLPS)": {
      "n": 27,
      "meanP": 0.6801941394805908,
      "mcdrop_std": 0.1280967742204666,
      "ens_std": 0.13527971506118774
    },
    "design (in-dist)": {
      "n": 10,
      "meanP": 0.9946382641792297,
      "mcdrop_std": 0.04409123957157135,
      "ens_std": 0.018167419359087944
    },
    "random": {
      "n": 10,
      "meanP": 0.12167878448963165,
      "mcdrop_std": 0.0476541668176651,
      "ens_std": 0.10069117695093155
    },
    "KL_neg (A_bar/B_bar)": {
      "n": 2,
      "meanP": 0.817375898361206,
      "mcdrop_std": 0.16903045773506165,
      "ens_std": 0.15516170859336853
    }
  },
  "kl_neg": [
    {
      "name": "A_bar",
      "p6": 0.8617439866065979,
      "mc_std": 0.18479159474372864,
      "ens_std": 0.18980760872364044
    },
    {
      "name": "B_bar",
      "p6": 0.773007869720459,
      "mc_std": 0.15326933562755585,
      "ens_std": 0.12051582336425781
    }
  ]
}